{
	"valueType":"nodes", 
	"values":[
		{"code": "MATH001", "description": "", "title": "Algebra", "university": "UBC", "_typeName": "Course", "id": "53E94L3K5XJJ", "subject": "Math"},
		{"code": "MATH002", "description": "", "title": "Pre-Calculus", "university": "UBC", "_typeName": "Course", "id": "uqPB7aSEslmP", "subject": "Math"},
		{"code": "MATH100", "description": "", "title": "Differential Calculus with Applications to Physical Sciences and Engineering", "university": "UBC", "_typeName": "Course", "id": "uPY1jaPmiXJj", "subject": "Math"},
{"code": "MATH101", "description": "", "title": "Integral Calculus with Applications to Physical Sciences and Engineering", "university": "UBC", "_typeName": "Course", "id": "NovlXC5b3exe", "subject": "Math"},
{"code": "MATH102", "description": "", "title": "Differential Calculus with Applications to Life Sciences", "university": "UBC", "_typeName": "Course", "id": "10LehROLUVRF", "subject": "Math"},
{"code": "MATH103", "description": "", "title": "Integral Calculus with Applications to Life Sciences", "university": "UBC", "_typeName": "Course", "id": "hUMRFe8HLjFf", "subject": "Math"},
{"code": "MATH104", "description": "", "title": "Differential Calculus with Applications to Commerce and Social Sciences", "university": "UBC", "_typeName": "Course", "id": "u9cB85HgtAxc", "subject": "Math"},
{"code": "MATH105", "description": "", "title": "Integral Calculus with Applications to Commerce and Social Sciences", "university": "UBC", "_typeName": "Course", "id": "l8v8EjHS5ETD", "subject": "Math"},
{"code": "MATH110", "description": "", "title": "Differential Calculus", "university": "UBC", "_typeName": "Course", "id": "FhfAhNoWwHFi", "subject": "Math"},
{"code": "MATH120", "description": "", "title": "Honours Differential Calculus", "university": "UBC", "_typeName": "Course", "id": "DcIEZFKqAQd6", "subject": "Math"},
{"code": "MATH121", "description": "", "title": "Honours Integral Calculus", "university": "UBC", "_typeName": "Course", "id": "1MnMUQLez3Qc", "subject": "Math"},
{"code": "MATH152", "description": "", "title": "Linear Systems", "university": "UBC", "_typeName": "Course", "id": "dxQHh9VpX9WZ", "subject": "Math"},
{"code": "MATH180", "description": "", "title": "Differential Calculus with Physical Applications", "university": "UBC", "_typeName": "Course", "id": "DwtoiyaOyQBy", "subject": "Math"},
{"code": "MATH184", "description": "", "title": "Differential Calculus for Social Science and Commerce", "university": "UBC", "_typeName": "Course", "id": "fioltlkUh6Vt", "subject": "Math"},
{"code": "MATH190", "description": "", "title": "Calculus Survey", "university": "UBC", "_typeName": "Course", "id": "a8SFqtbOav3i", "subject": "Math"},
{"code": "MATH200", "description": "", "title": "Calculus III", "university": "UBC", "_typeName": "Course", "id": "XDYCusJCvCDy", "subject": "Math"},
{"code": "MATH210", "description": "", "title": "Introduction to Mathematical Computing", "university": "UBC", "_typeName": "Course", "id": "4wYUfVJXeZv1", "subject": "Math"},
{"code": "MATH215", "description": "", "title": "Elementary Differential Equations I", "university": "UBC", "_typeName": "Course", "id": "BnnQdHAoQnLI", "subject": "Math"},
{"code": "MATH217", "description": "", "title": "Multivariable and Vector Calculus", "university": "UBC", "_typeName": "Course", "id": "MI8yxbdieJaf", "subject": "Math"},
{"code": "MATH220", "description": "", "title": "Mathematical Proof", "university": "UBC", "_typeName": "Course", "id": "P2RwYzYM5oMM", "subject": "Math"},
{"code": "MATH221", "description": "", "title": "Matrix Algebra", "university": "UBC", "_typeName": "Course", "id": "wUupvgWI9Sbz", "subject": "Math"},
{"code": "MATH223", "description": "", "title": "Linear Algebra", "university": "UBC", "_typeName": "Course", "id": "SxzR7Ytf8I2v", "subject": "Math"},
{"code": "MATH226", "description": "", "title": "Advanced Calculus I", "university": "UBC", "_typeName": "Course", "id": "ozUpHVoJb8AM", "subject": "Math"},
{"code": "MATH227", "description": "", "title": "Advanced Calculus II", "university": "UBC", "_typeName": "Course", "id": "jDLP0iifKPh9", "subject": "Math"},
{"code": "MATH253", "description": "", "title": "Multivariable Calculus", "university": "UBC", "_typeName": "Course", "id": "uxQPyqinOAuj", "subject": "Math"},
{"code": "MATH255", "description": "", "title": "Ordinary Differential Equations", "university": "UBC", "_typeName": "Course", "id": "IAszgG2ex74C", "subject": "Math"},
{"code": "MATH256", "description": "", "title": "Differential equations", "university": "UBC", "_typeName": "Course", "id": "4uh9iXwNzr7C", "subject": "Math"},
{"code": "MATH257", "description": "", "title": "Partial Differential Equations", "university": "UBC", "_typeName": "Course", "id": "02z48PfncbmK", "subject": "Math"},
{"code": "MATH264", "description": "", "title": "Vector Calculus for Electrical Engineering", "university": "UBC", "_typeName": "Course", "id": "x75taQUyxRQr", "subject": "Math"},
{"code": "MATH300", "description": "", "title": "Introduction to Complex Variables", "university": "UBC", "_typeName": "Course", "id": "DzWEq3yAcgww", "subject": "Math"},
{"code": "MATH301", "description": "", "title": "Applied Analysis", "university": "UBC", "_typeName": "Course", "id": "K7oRb1NCiRNN", "subject": "Math"},
{"code": "MATH302", "description": "", "title": "Introduction to Probability", "university": "UBC", "_typeName": "Course", "id": "5bKYCamd4tFN", "subject": "Math"},
{"code": "MATH303", "description": "", "title": "Introduction to Stochastic Processes", "university": "UBC", "_typeName": "Course", "id": "qE9XKdIkIsA3", "subject": "Math"},
{"code": "MATH305", "description": "", "title": "Applied Complex Analysis", "university": "UBC", "_typeName": "Course", "id": "FX9RDD3kqAqs", "subject": "Math"},
{"code": "MATH307", "description": "", "title": "Applied Linear Algebra", "university": "UBC", "_typeName": "Course", "id": "IkQj32HcQelw", "subject": "Math"},
{"code": "MATH308", "description": "", "title": "Euclidean Geometry", "university": "UBC", "_typeName": "Course", "id": "a3dxDf3vm6Xv", "subject": "Math"},
{"code": "MATH310", "description": "", "title": "Abstract Linear Algebra", "university": "UBC", "_typeName": "Course", "id": "wlihUgXWZo8l", "subject": "Math"},
{"code": "MATH312", "description": "", "title": "Introduction to Number Theory", "university": "UBC", "_typeName": "Course", "id": "HsqP2eUpt8x5", "subject": "Math"},
{"code": "MATH313", "description": "", "title": "Topics in Number Theory", "university": "UBC", "_typeName": "Course", "id": "KoVLepYHpGOX", "subject": "Math"},
{"code": "MATH316", "description": "", "title": "Elementary Differential Equations II", "university": "UBC", "_typeName": "Course", "id": "XphAXOKd8f73", "subject": "Math"},
{"code": "MATH317", "description": "", "title": "Calculus IV", "university": "UBC", "_typeName": "Course", "id": "h2rWicfhU51l", "subject": "Math"},
{"code": "MATH318", "description": "", "title": "Probability with Physical Applications", "university": "UBC", "_typeName": "Course", "id": "YuaDZP25KPrw", "subject": "Math"},
{"code": "MATH320", "description": "", "title": "Real Variables I", "university": "UBC", "_typeName": "Course", "id": "RJh3pECvG953", "subject": "Math"},
{"code": "MATH321", "description": "", "title": "Real Variables II", "university": "UBC", "_typeName": "Course", "id": "B7t9pe1gG4XD", "subject": "Math"},
{"code": "MATH322", "description": "", "title": "Introduction to Group Theory", "university": "UBC", "_typeName": "Course", "id": "UpOBzinzjBcf", "subject": "Math"},
{"code": "MATH323", "description": "", "title": "Introduction to Rings and Modules", "university": "UBC", "_typeName": "Course", "id": "x1o2DVdtvDqI", "subject": "Math"},
{"code": "MATH335", "description": "", "title": "Introduction to Mathematics", "university": "UBC", "_typeName": "Course", "id": "i2gRSmDntrDR", "subject": "Math"},
{"code": "MATH340", "description": "", "title": "Introduction to Linear Programming", "university": "UBC", "_typeName": "Course", "id": "J6lMUWCAapV6", "subject": "Math"},
{"code": "MATH341", "description": "", "title": "Introduction to Discrete Mathematics", "university": "UBC", "_typeName": "Course", "id": "6xrURPWR9sHg", "subject": "Math"},
{"code": "MATH342", "description": "", "title": "Algebra and Coding Theory", "university": "UBC", "_typeName": "Course", "id": "gLC0IlgW0WK4", "subject": "Math"},
{"code": "MATH345", "description": "", "title": "Applied Nonlinear Dynamics and Chaos", "university": "UBC", "_typeName": "Course", "id": "v6ohM2VtqchZ", "subject": "Math"},
{"code": "MATH358", "description": "", "title": "Engineering Analysis", "university": "UBC", "_typeName": "Course", "id": "kmtLQiYbXv2C", "subject": "Math"},
{"code": "MATH360", "description": "", "title": "Mathematical Modeling in Science", "university": "UBC", "_typeName": "Course", "id": "GtgqWLmQ6hRC", "subject": "Math"},
{"code": "MATH398", "description": "", "title": "Co-operative Work Placement I", "university": "UBC", "_typeName": "Course", "id": "f3KpmkGkHDUv", "subject": "Math"},
{"code": "MATH399", "description": "", "title": "Co-operative Work Placement II", "university": "UBC", "_typeName": "Course", "id": "or51PNEQi18Q", "subject": "Math"},
{"code": "MATH400", "description": "", "title": "Applied Partial Differential Equations", "university": "UBC", "_typeName": "Course", "id": "bD12AgC2RxoY", "subject": "Math"},
{"code": "MATH401", "description": "", "title": "Green's Functions and Variational Methods", "university": "UBC", "_typeName": "Course", "id": "pCbyUfAQkZ35", "subject": "Math"},
{"code": "MATH405", "description": "", "title": "Numerical Methods for Differential Equations", "university": "UBC", "_typeName": "Course", "id": "vKUQuNK4HeBY", "subject": "Math"},
{"code": "MATH406", "description": "", "title": "Variational and Approximate Methods in Applied Mathematics", "university": "UBC", "_typeName": "Course", "id": "DIsuaCKlBbz9", "subject": "Math"},
{"code": "MATH412", "description": "", "title": "Advanced Linear Algebra", "university": "UBC", "_typeName": "Course", "id": "VxbdpZY2eMMF", "subject": "Math"},
{"code": "MATH414", "description": "", "title": "Mathematical Demonstrations", "university": "UBC", "_typeName": "Course", "id": "ota28eQpJEL3", "subject": "Math"},
{"code": "MATH418", "description": "", "title": "Probability", "university": "UBC", "_typeName": "Course", "id": "E0Z2z2E1lniL", "subject": "Math"},
{"code": "MATH419", "description": "", "title": "Stochastic Processes", "university": "UBC", "_typeName": "Course", "id": "5uDN2lQ7ISDI", "subject": "Math"},
{"code": "MATH420", "description": "", "title": "Real Analysis I", "university": "UBC", "_typeName": "Course", "id": "b2DtkUB0yguo", "subject": "Math"},
{"code": "MATH421", "description": "", "title": "Real Analysis II", "university": "UBC", "_typeName": "Course", "id": "0xqVKiJOHgo2", "subject": "Math"},
{"code": "MATH422", "description": "", "title": "Fields and Galois Theory", "university": "UBC", "_typeName": "Course", "id": "pZpMRaSi8BcR", "subject": "Math"},
{"code": "MATH423", "description": "", "title": "Topics in Algebra", "university": "UBC", "_typeName": "Course", "id": "avyASXXQtODx", "subject": "Math"},
{"code": "MATH425", "description": "", "title": "Introduction to Modern Differential Geometry", "university": "UBC", "_typeName": "Course", "id": "DtPOzXqKALxN", "subject": "Math"},
{"code": "MATH426", "description": "", "title": "Introduction to Topology", "university": "UBC", "_typeName": "Course", "id": "n1ay4vBUM7nU", "subject": "Math"},
{"code": "MATH427", "description": "", "title": "Topics in Topology", "university": "UBC", "_typeName": "Course", "id": "1J4vSJ7PmmRt", "subject": "Math"},
{"code": "MATH430D", "description": "", "title": "Special Topics in Analysis - TOPICS IN ANLYS", "university": "UBC", "_typeName": "Course", "id": "DlwpeAIfL9MU", "subject": "Math"},
{"code": "MATH437", "description": "", "title": "Number Theory", "university": "UBC", "_typeName": "Course", "id": "py9GWL4Mh5Vg", "subject": "Math"},
{"code": "MATH440", "description": "", "title": "Complex Analysis", "university": "UBC", "_typeName": "Course", "id": "vLMTkhEmJd1u", "subject": "Math"},
{"code": "MATH441", "description": "", "title": "Mathematical Modeling: Discrete Optimization Problems", "university": "UBC", "_typeName": "Course", "id": "n5gDDs8TUnrg", "subject": "Math"},
{"code": "MATH442", "description": "", "title": "Optimization in Graphs and Networks", "university": "UBC", "_typeName": "Course", "id": "EUI6Ur3d3kN7", "subject": "Math"},
{"code": "MATH443", "description": "", "title": "Graph Theory", "university": "UBC", "_typeName": "Course", "id": "o2Wt2cRZD4hW", "subject": "Math"},
{"code": "MATH444", "description": "", "title": "Mathematical Research and Writing", "university": "UBC", "_typeName": "Course", "id": "vaom749YAJsi", "subject": "Math"},
{"code": "MATH448A", "description": "", "title": "Directed Studies in Mathematics - DIRECTED STUDIES", "university": "UBC", "_typeName": "Course", "id": "75gp5MJaHipA", "subject": "Math"},
{"code": "MATH448B", "description": "", "title": "Directed Studies in Mathematics - DIRECTED STUDIES", "university": "UBC", "_typeName": "Course", "id": "lWSwHsbg2F1a", "subject": "Math"},
{"code": "MATH449D", "description": "", "title": "Honours Reading - HONOURS READING", "university": "UBC", "_typeName": "Course", "id": "NsBBTJE5imTW", "subject": "Math"},
{"code": "MATH450", "description": "", "title": "Asymptotic and Perturbation Methods", "university": "UBC", "_typeName": "Course", "id": "eQ2UIkRm1mFU", "subject": "Math"},
{"code": "MATH462", "description": "", "title": "Projects in Mathematical Biology", "university": "UBC", "_typeName": "Course", "id": "s2qe2CrS6DBe", "subject": "Math"},
{"code": "MATH498", "description": "", "title": "Co-operative Work Placement III", "university": "UBC", "_typeName": "Course", "id": "ttC5mO1X3myx", "subject": "Math"},
{"code": "MATH499", "description": "", "title": "Co-operative Work Placement IV", "university": "UBC", "_typeName": "Course", "id": "97zdVAJOS4Iz", "subject": "Math"},
{"code": "MATH501", "description": "", "title": "Algebra I", "university": "UBC", "_typeName": "Course", "id": "1mggyJGRsUxd", "subject": "Math"},
{"code": "MATH502", "description": "", "title": "Algebra II", "university": "UBC", "_typeName": "Course", "id": "AaeVVfN74Xpv", "subject": "Math"},
{"code": "MATH503", "description": "", "title": "Discrete Mathematics", "university": "UBC", "_typeName": "Course", "id": "xs16EpzlZ31x", "subject": "Math"},
{"code": "MATH507", "description": "", "title": "Measure Theory and Integration", "university": "UBC", "_typeName": "Course", "id": "GzmFjUxzSbUy", "subject": "Math"},
{"code": "MATH508", "description": "", "title": "Complex Analysis", "university": "UBC", "_typeName": "Course", "id": "MePHUeSmg06p", "subject": "Math"},
{"code": "MATH510", "description": "", "title": "Functional Analysis", "university": "UBC", "_typeName": "Course", "id": "jpbh7gGa5nuE", "subject": "Math"},
{"code": "MATH515", "description": "", "title": "Partial Differential Equations of Fluid Mechanics", "university": "UBC", "_typeName": "Course", "id": "gTLlAayRNhn0", "subject": "Math"},
{"code": "MATH516", "description": "", "title": "Partial Differential Equations I", "university": "UBC", "_typeName": "Course", "id": "281VvTCcblt3", "subject": "Math"},
{"code": "MATH517", "description": "", "title": "Partial Differential Equations II", "university": "UBC", "_typeName": "Course", "id": "mdlwQd2PJcPL", "subject": "Math"},
{"code": "MATH521", "description": "", "title": "Numerical Analysis of Partial Differential Equations", "university": "UBC", "_typeName": "Course", "id": "VOOBjZ90CkCa", "subject": "Math"},
{"code": "MATH523", "description": "", "title": "Combinatorial Optimization", "university": "UBC", "_typeName": "Course", "id": "G7MhPemyDBo7", "subject": "Math"},
{"code": "MATH525", "description": "", "title": "Differential Geometry I", "university": "UBC", "_typeName": "Course", "id": "rpSarOCTwaaT", "subject": "Math"},
{"code": "MATH526", "description": "", "title": "Differential Geometry II", "university": "UBC", "_typeName": "Course", "id": "9qpJj7VsFEz1", "subject": "Math"},
{"code": "MATH527", "description": "", "title": "Algebraic Topology I", "university": "UBC", "_typeName": "Course", "id": "Y8WlVIdl05FI", "subject": "Math"},
{"code": "MATH534", "description": "", "title": "Lie Theory I", "university": "UBC", "_typeName": "Course", "id": "lwe4kBaSD50r", "subject": "Math"},
{"code": "MATH535", "description": "", "title": "Lie Theory II", "university": "UBC", "_typeName": "Course", "id": "u3o9B0UGSoOH", "subject": "Math"},
{"code": "MATH537", "description": "", "title": "Elementary Number Theory", "university": "UBC", "_typeName": "Course", "id": "LZAidyB388wW", "subject": "Math"},
{"code": "MATH539", "description": "", "title": "Analytic Number Theory", "university": "UBC", "_typeName": "Course", "id": "lrui58Q4QKAT", "subject": "Math"},
{"code": "MATH541", "description": "", "title": "Harmonic Analysis I", "university": "UBC", "_typeName": "Course", "id": "kUswlPbxiKbT", "subject": "Math"},
{"code": "MATH542", "description": "", "title": "Harmonic Analysis II", "university": "UBC", "_typeName": "Course", "id": "8takd7cb16eu", "subject": "Math"},
{"code": "MATH544", "description": "", "title": "Probability I", "university": "UBC", "_typeName": "Course", "id": "kKMs8MV9ONw1", "subject": "Math"},
{"code": "MATH545", "description": "", "title": "Probability II", "university": "UBC", "_typeName": "Course", "id": "OBXGbktxPoI5", "subject": "Math"},
{"code": "MATH546", "description": "", "title": "Continuous Time Stochastic Processes", "university": "UBC", "_typeName": "Course", "id": "CPsO95pCneOJ", "subject": "Math"},
{"code": "MATH549A", "description": "", "title": "Thesis for Master's Degree - MASTERS THESIS", "university": "UBC", "_typeName": "Course", "id": "kW8JOPlqea8t", "subject": "Math"},
{"code": "MATH549B", "description": "", "title": "Thesis for Master's Degree - MASTERS THESIS", "university": "UBC", "_typeName": "Course", "id": "Yfo4tksLOImN", "subject": "Math"},
{"code": "MATH550", "description": "", "title": "Methods of Asymptotic Analysis", "university": "UBC", "_typeName": "Course", "id": "vI4YcEuiqAzZ", "subject": "Math"},
{"code": "MATH552", "description": "", "title": "Introduction to Dynamical Systems", "university": "UBC", "_typeName": "Course", "id": "tLx7JVbmKh2M", "subject": "Math"},
{"code": "MATH556", "description": "", "title": "Industrial Mathematical Modelling", "university": "UBC", "_typeName": "Course", "id": "NqCuCt2YRUKX", "subject": "Math"},
{"code": "MATH560", "description": "", "title": "Mathematical Biology", "university": "UBC", "_typeName": "Course", "id": "IkLyEbCG2rdR", "subject": "Math"},
{"code": "MATH562", "description": "", "title": "Mathematical Electrophysiology", "university": "UBC", "_typeName": "Course", "id": "dWu4uuKSnHeq", "subject": "Math"},
{"code": "MATH589", "description": "", "title": "M.Sc. Major Essay", "university": "UBC", "_typeName": "Course", "id": "46di84RwzWgs", "subject": "Math"},
{"code": "MATH592A", "description": "", "title": "Topics in Automorphic Forms - AUTOMORPHIC FORM", "university": "UBC", "_typeName": "Course", "id": "0GjoL9CTJkUF", "subject": "Math"},
{"code": "MATH599", "description": "", "title": "Mathematics Teaching Techniques", "university": "UBC", "_typeName": "Course", "id": "Jmg7HTx9Jvhc", "subject": "Math"},
{"code": "MATH600D", "description": "", "title": "Topics in Algebra - TOPICS IN ALGBRA", "university": "UBC", "_typeName": "Course", "id": "m5tsjPp9nqLD", "subject": "Math"},
{"code": "MATH601D", "description": "", "title": "Topics in Analysis - TOPICS IN ANALYS", "university": "UBC", "_typeName": "Course", "id": "x4vSHmCTUrHv", "subject": "Math"},
{"code": "MATH603D", "description": "", "title": "Topics in Topology - TOPICS TOPOLOGY", "university": "UBC", "_typeName": "Course", "id": "YTEP0UG2cT0T", "subject": "Math"},
{"code": "MATH606D", "description": "", "title": "Topics in Differential Equations - TPCS DIFRNTL EQU", "university": "UBC", "_typeName": "Course", "id": "UuKyZ7VdWkVQ", "subject": "Math"},
{"code": "MATH607E", "description": "", "title": "Topics in Numerical Analysis - TPCS NUMERIC ANL", "university": "UBC", "_typeName": "Course", "id": "sYqjxDrAdHl0", "subject": "Math"},
{"code": "MATH608D", "description": "", "title": "Topics in Probability - TPCS PROBABILITY", "university": "UBC", "_typeName": "Course", "id": "SinX23mJ8j6T", "subject": "Math"},
{"code": "MATH615A", "description": "", "title": "Topics in Algebraic Geometry - ALGEBRAIC GEOMET", "university": "UBC", "_typeName": "Course", "id": "T9xVFfCt9cvE", "subject": "Math"},
{"code": "MATH615B", "description": "", "title": "Topics in Algebraic Geometry - ALGEBRAIC GEOMET", "university": "UBC", "_typeName": "Course", "id": "JXI7EqLA8FHZ", "subject": "Math"},
{"code": "MATH620D", "description": "", "title": "Directed Studies in Mathematics - DIRECT STDS MATH", "university": "UBC", "_typeName": "Course", "id": "JMfpnaFKEVvO", "subject": "Math"},
{"code": "MATH649", "description": "", "title": "Doctoral Dissertation", "university": "UBC", "_typeName": "Course", "id": "CmxgPCCQCbOb", "subject": "Math"},
{"code": "BIOL111", "description": "", "title": "Introduction to Modern Biology", "university": "UBC", "_typeName": "Course", "id": "1isIrpCyyMbJ", "subject": "Biology"},
{"code": "BIOL112", "description": "", "title": "Biology of the Cell", "university": "UBC", "_typeName": "Course", "id": "fP7eA8vZLHPe", "subject": "Biology"},
{"code": "BIOL121", "description": "", "title": "Genetics, Evolution and Ecology", "university": "UBC", "_typeName": "Course", "id": "o61Bj8GbHoT4", "subject": "Biology"},
{"code": "BIOL140", "description": "", "title": "Laboratory Investigations in Life Science", "university": "UBC", "_typeName": "Course", "id": "F7qCzf6GMG4q", "subject": "Biology"},
{"code": "BIOL153", "description": "", "title": "Human Biology", "university": "UBC", "_typeName": "Course", "id": "JW3chm3i0Ypr", "subject": "Biology"},
{"code": "BIOL155", "description": "", "title": "Human Biology", "university": "UBC", "_typeName": "Course", "id": "Rv6TZ064fhz6", "subject": "Biology"},
{"code": "BIOL200", "description": "", "title": "Fundamentals of Cell Biology", "university": "UBC", "_typeName": "Course", "id": "Rb2zwxheHraI", "subject": "Biology"},
{"code": "BIOL201", "description": "", "title": "Introduction to Biochemistry", "university": "UBC", "_typeName": "Course", "id": "6uGVLcCYk3Kd", "subject": "Biology"},
{"code": "BIOL203", "description": "", "title": "Eukaryotic Microbiology", "university": "UBC", "_typeName": "Course", "id": "2SvH8xR5QhxS", "subject": "Biology"},
{"code": "BIOL204", "description": "", "title": "Vertebrate Structure and Function", "university": "UBC", "_typeName": "Course", "id": "NK8AVi3apjnz", "subject": "Biology"},
{"code": "BIOL205", "description": "", "title": "Comparative Invertebrate Zoology", "university": "UBC", "_typeName": "Course", "id": "ZFyJgGfTAe6W", "subject": "Biology"},
{"code": "BIOL209", "description": "", "title": "Biodiversity of algae, fungi and bryophytes", "university": "UBC", "_typeName": "Course", "id": "vo0Es8r9jahT", "subject": "Biology"},
{"code": "BIOL210", "description": "", "title": "Vascular Plants", "university": "UBC", "_typeName": "Course", "id": "1xwwN7A0xtXZ", "subject": "Biology"},
{"code": "BIOL230", "description": "", "title": "Fundamentals of Ecology", "university": "UBC", "_typeName": "Course", "id": "sKAn99BFOsbk", "subject": "Biology"},
{"code": "BIOL233", "description": "", "title": "Genetics for Life", "university": "UBC", "_typeName": "Course", "id": "8r8P0O0mtmPP", "subject": "Biology"},
{"code": "BIOL234", "description": "", "title": "Fundamentals of Genetics", "university": "UBC", "_typeName": "Course", "id": "IuEQmDeUFI3v", "subject": "Biology"},
{"code": "BIOL260", "description": "", "title": "Fundamentals of Physiology", "university": "UBC", "_typeName": "Course", "id": "9EbCMHfhr1Q7", "subject": "Biology"},
{"code": "BIOL300", "description": "", "title": "Fundamentals of Biostatistics", "university": "UBC", "_typeName": "Course", "id": "nTvtvL4DbJYm", "subject": "Biology"},
{"code": "BIOL301", "description": "", "title": "Biomathematics", "university": "UBC", "_typeName": "Course", "id": "Brbsc4GVu4Ck", "subject": "Biology"},
{"code": "BIOL306", "description": "", "title": "Advanced Ecology", "university": "UBC", "_typeName": "Course", "id": "uZK7MtdaIV7N", "subject": "Biology"},
{"code": "BIOL310", "description": "", "title": "Introduction to Animal Behaviour", "university": "UBC", "_typeName": "Course", "id": "yrCC0C3UhRjO", "subject": "Biology"},
{"code": "BIOL320", "description": "", "title": "Survey of Algae", "university": "UBC", "_typeName": "Course", "id": "krHm2MEWkaeO", "subject": "Biology"},
{"code": "BIOL323", "description": "", "title": "Structure and Reproduction of Fungi", "university": "UBC", "_typeName": "Course", "id": "rI4zEPLROoOP", "subject": "Biology"},
{"code": "BIOL324", "description": "", "title": "Introduction to Seed Plant Taxonomy", "university": "UBC", "_typeName": "Course", "id": "C0GH4h3U8p1b", "subject": "Biology"},
{"code": "BIOL325", "description": "", "title": "Introduction to Animal Mechanics and Locomotion", "university": "UBC", "_typeName": "Course", "id": "uwk7fZG1Ft8B", "subject": "Biology"},
{"code": "BIOL326", "description": "", "title": "Experimental Biology of Invertebrates", "university": "UBC", "_typeName": "Course", "id": "GrJTX3fC13tm", "subject": "Biology"},
{"code": "BIOL327", "description": "", "title": "Introduction to Entomology", "university": "UBC", "_typeName": "Course", "id": "xVLBMU9gaQzD", "subject": "Biology"},
{"code": "BIOL328", "description": "", "title": "Introductory Parasitology", "university": "UBC", "_typeName": "Course", "id": "S5rcHttqCpWP", "subject": "Biology"},
{"code": "BIOL331", "description": "", "title": "Developmental Biology", "university": "UBC", "_typeName": "Course", "id": "zLVdPSzlljQ7", "subject": "Biology"},
{"code": "BIOL332", "description": "", "title": "Protistology", "university": "UBC", "_typeName": "Course", "id": "8S7pwWJ3KwKl", "subject": "Biology"},
{"code": "BIOL335", "description": "", "title": "Molecular Genetics", "university": "UBC", "_typeName": "Course", "id": "yYxqhgEmdDNF", "subject": "Biology"},
{"code": "BIOL336", "description": "", "title": "Fundamentals of Evolutionary Biology", "university": "UBC", "_typeName": "Course", "id": "Osj4gRBRkgAR", "subject": "Biology"},
{"code": "BIOL337", "description": "", "title": "Introductory Genetics Laboratory", "university": "UBC", "_typeName": "Course", "id": "3cEBs61JsiXv", "subject": "Biology"},
{"code": "BIOL338", "description": "", "title": "Introduction to Genomics", "university": "UBC", "_typeName": "Course", "id": "Z4iDTrKEMi72", "subject": "Biology"},
{"code": "BIOL340", "description": "", "title": "Introductory Cell Biology Laboratory", "university": "UBC", "_typeName": "Course", "id": "RDbT1oFXcQ3S", "subject": "Biology"},
{"code": "BIOL341", "description": "", "title": "Introductory Molecular Biology Laboratory", "university": "UBC", "_typeName": "Course", "id": "luyJ4kj6vT2v", "subject": "Biology"},
{"code": "BIOL342", "description": "", "title": "Integrative Biology Laboratory", "university": "UBC", "_typeName": "Course", "id": "PnoBPFHYn4gM", "subject": "Biology"},
{"code": "BIOL343", "description": "", "title": "Plants and Peoples", "university": "UBC", "_typeName": "Course", "id": "7sRR2iDBxMJl", "subject": "Biology"},
{"code": "BIOL344", "description": "", "title": "Human Heredity and Evolution", "university": "UBC", "_typeName": "Course", "id": "VWUt2X8dZh3k", "subject": "Biology"},
{"code": "BIOL345", "description": "", "title": "Human Ecology", "university": "UBC", "_typeName": "Course", "id": "NxxjRgJnT5Nn", "subject": "Biology"},
{"code": "BIOL346", "description": "", "title": "Microbes and Society", "university": "UBC", "_typeName": "Course", "id": "7FKQ6wv8GYKP", "subject": "Biology"},
{"code": "BIOL347", "description": "", "title": "Principles and Methodology in Biological Research", "university": "UBC", "_typeName": "Course", "id": "maiuVDPDh8oC", "subject": "Biology"},
{"code": "BIOL351", "description": "", "title": "Plant Physiology I", "university": "UBC", "_typeName": "Course", "id": "XYq2ClIMjcwD", "subject": "Biology"},
{"code": "BIOL352", "description": "", "title": "Plant Physiology II: Plant Development", "university": "UBC", "_typeName": "Course", "id": "wLvdT7yC9Ne8", "subject": "Biology"},
{"code": "BIOL361", "description": "", "title": "Physiology of Sensory, Nervous and Muscular Systems", "university": "UBC", "_typeName": "Course", "id": "Vp0N5uIOXDdq", "subject": "Biology"},
{"code": "BIOL362", "description": "", "title": "Cellular Physiology", "university": "UBC", "_typeName": "Course", "id": "zFMf8SGvO0WX", "subject": "Biology"},
{"code": "BIOL363", "description": "", "title": "Laboratory in Animal Physiology", "university": "UBC", "_typeName": "Course", "id": "owgJGwVwNrgt", "subject": "Biology"},
{"code": "BIOL364", "description": "", "title": "Animal Physiology", "university": "UBC", "_typeName": "Course", "id": "vRNikKiJEh7k", "subject": "Biology"},
{"code": "BIOL398", "description": "", "title": "Co-operative Work Placement I", "university": "UBC", "_typeName": "Course", "id": "WzUWVLqjyExb", "subject": "Biology"},
{"code": "BIOL399", "description": "", "title": "Co-operative Work Placement II", "university": "UBC", "_typeName": "Course", "id": "RnoXY7CszrmP", "subject": "Biology"},
{"code": "BIOL402", "description": "", "title": "Aquatic Ecology", "university": "UBC", "_typeName": "Course", "id": "4ffguTZpACTu", "subject": "Biology"},
{"code": "BIOL404", "description": "", "title": "Ecological Methodology", "university": "UBC", "_typeName": "Course", "id": "P0ElPFwY96xE", "subject": "Biology"},
{"code": "BIOL411", "description": "", "title": "Insect Ecology", "university": "UBC", "_typeName": "Course", "id": "dfsZAZUtPVsX", "subject": "Biology"},
{"code": "BIOL412", "description": "", "title": "Phytogeography", "university": "UBC", "_typeName": "Course", "id": "V3YsPtLS0y7V", "subject": "Biology"},
{"code": "BIOL413", "description": "", "title": "Zoogeography", "university": "UBC", "_typeName": "Course", "id": "6W4VPaozoW5O", "subject": "Biology"},
{"code": "BIOL415", "description": "", "title": "Evolutionary Processes in Plants", "university": "UBC", "_typeName": "Course", "id": "42FPHxI1jXwN", "subject": "Biology"},
{"code": "BIOL416", "description": "", "title": "Principles of Conservation Biology", "university": "UBC", "_typeName": "Course", "id": "HOk9UNV7iDwz", "subject": "Biology"},
{"code": "BIOL417", "description": "", "title": "Phylogenetic Biology", "university": "UBC", "_typeName": "Course", "id": "rmHi3XRQgc97", "subject": "Biology"},
{"code": "BIOL418", "description": "", "title": "Evolutionary Ecology", "university": "UBC", "_typeName": "Course", "id": "rFYMxS1NffGI", "subject": "Biology"},
{"code": "BIOL421", "description": "", "title": "Plant-Microbe Interactions", "university": "UBC", "_typeName": "Course", "id": "d4CedFNpqjTc", "subject": "Biology"},
{"code": "BIOL427", "description": "", "title": "Ornithology and Herpetology", "university": "UBC", "_typeName": "Course", "id": "TXV5CbmJGCGZ", "subject": "Biology"},
{"code": "BIOL428", "description": "", "title": "Evolutionary Morphology of Marine Invertebrates", "university": "UBC", "_typeName": "Course", "id": "PZLCM66vU4ph", "subject": "Biology"},
{"code": "BIOL430", "description": "", "title": "Genome Evolution", "university": "UBC", "_typeName": "Course", "id": "mcUpSqNHwp3W", "subject": "Biology"},
{"code": "BIOL432", "description": "", "title": "Research Strategies and Techniques in Cell Biology", "university": "UBC", "_typeName": "Course", "id": "gr2e1n03smdH", "subject": "Biology"},
{"code": "BIOL433", "description": "", "title": "Plant Genetics", "university": "UBC", "_typeName": "Course", "id": "e2F6OMYETDzU", "subject": "Biology"},
{"code": "BIOL434", "description": "", "title": "Population Genetics", "university": "UBC", "_typeName": "Course", "id": "8BrTLjNz3IAf", "subject": "Biology"},
{"code": "BIOL436", "description": "", "title": "Integrated Functional Genomics", "university": "UBC", "_typeName": "Course", "id": "8RIdsgdP2xDf", "subject": "Biology"},
{"code": "BIOL437", "description": "", "title": "Laboratory in Animal Cell Molecular Biology", "university": "UBC", "_typeName": "Course", "id": "QldDFS5Mv7S8", "subject": "Biology"},
{"code": "BIOL438", "description": "", "title": "Zoological Physics", "university": "UBC", "_typeName": "Course", "id": "h9ypPLKrMWjV", "subject": "Biology"},
{"code": "BIOL440", "description": "", "title": "Plant Genomics", "university": "UBC", "_typeName": "Course", "id": "FlcZG3cnBOLg", "subject": "Biology"},
{"code": "BIOL441", "description": "", "title": "Cell Biology of Intracellular Trafficking", "university": "UBC", "_typeName": "Course", "id": "5uLDjzPVVCCs", "subject": "Biology"},
{"code": "BIOL445", "description": "", "title": "Darwin's Fishes", "university": "UBC", "_typeName": "Course", "id": "fOXycQ9Q2Yog", "subject": "Biology"},
{"code": "BIOL446", "description": "", "title": "History and Philosophy of Biology", "university": "UBC", "_typeName": "Course", "id": "kjULtd1E2Rht", "subject": "Biology"},
{"code": "BIOL447", "description": "", "title": "Principles and Methodology in Biological Research", "university": "UBC", "_typeName": "Course", "id": "Grs1sh5oDoEy", "subject": "Biology"},
{"code": "BIOL448A", "description": "", "title": "Directed Studies in Biology - DIRECTED STUDIES", "university": "UBC", "_typeName": "Course", "id": "m23pcevFW5sl", "subject": "Biology"},
{"code": "BIOL448C", "description": "", "title": "Directed Studies in Biology - DIRECTED STUDIES", "university": "UBC", "_typeName": "Course", "id": "TGzwRKd0yVCq", "subject": "Biology"},
{"code": "BIOL448D", "description": "", "title": "Directed Studies in Biology - DIRECTED STUDIES", "university": "UBC", "_typeName": "Course", "id": "Vd4JOWOiaKpt", "subject": "Biology"},
{"code": "BIOL449", "description": "", "title": "Directed Biological Research", "university": "UBC", "_typeName": "Course", "id": "jSgVIS2GEVPs", "subject": "Biology"},
{"code": "BIOL450", "description": "", "title": "Molecular Adaptation of Animals to the Environment", "university": "UBC", "_typeName": "Course", "id": "QdmeS5jQJ4F5", "subject": "Biology"},
{"code": "BIOL454", "description": "", "title": "Comparative Animal Physiology", "university": "UBC", "_typeName": "Course", "id": "BPQGTZi1r4Lx", "subject": "Biology"},
{"code": "BIOL455", "description": "", "title": "Comparative Neurobiology", "university": "UBC", "_typeName": "Course", "id": "9jvVeA5aFoLT", "subject": "Biology"},
{"code": "BIOL457", "description": "", "title": "Comparative Environmental Physiology", "university": "UBC", "_typeName": "Course", "id": "wYYiplXCyjmm", "subject": "Biology"},
{"code": "BIOL458", "description": "", "title": "Developmental Neurobiology", "university": "UBC", "_typeName": "Course", "id": "WSAHCAWSAeHX", "subject": "Biology"},
{"code": "BIOL462", "description": "", "title": "Ecological Plant Biochemistry", "university": "UBC", "_typeName": "Course", "id": "htcD6KSmb3Gh", "subject": "Biology"},
{"code": "BIOL463", "description": "", "title": "Gene Regulation in Development", "university": "UBC", "_typeName": "Course", "id": "hPsYsivxfXiq", "subject": "Biology"},
{"code": "BIOL464", "description": "", "title": "Animal Developmental Genetics", "university": "UBC", "_typeName": "Course", "id": "MTkb92Sg2IAQ", "subject": "Biology"},
{"code": "BIOL465", "description": "", "title": "Diversity and Evolution of Fishes", "university": "UBC", "_typeName": "Course", "id": "UTqLTBnS9oGi", "subject": "Biology"},
{"code": "BIOL490A", "description": "", "title": "Student Directed Seminars - STUDNT DIR SEMNR", "university": "UBC", "_typeName": "Course", "id": "3YELFGI3Nc0c", "subject": "Biology"},
{"code": "BIOL498", "description": "", "title": "Co-operative Work Placement III", "university": "UBC", "_typeName": "Course", "id": "wXWNRkpz7HeI", "subject": "Biology"},
{"code": "BIOL499", "description": "", "title": "Co-operative Work Placement IV", "university": "UBC", "_typeName": "Course", "id": "TdcthwuCTUV9", "subject": "Biology"},
{"code": "BIOL501", "description": "", "title": "Quantitative Methods in Ecology and Evolution", "university": "UBC", "_typeName": "Course", "id": "67fyEkFxTIrj", "subject": "Biology"},
{"code": "BIOL509", "description": "", "title": "Population and Quantitative Genetics", "university": "UBC", "_typeName": "Course", "id": "0OlTnhdD5pju", "subject": "Biology"},
{"code": "BIOL530", "description": "", "title": "The Biology of the Cell", "university": "UBC", "_typeName": "Course", "id": "ZVnUJnmZiAa4", "subject": "Biology"},
{"code": "BIOL535", "description": "", "title": "Teaching and Learning in the Life Sciences", "university": "UBC", "_typeName": "Course", "id": "j9xgjaXBtevj", "subject": "Biology"},
{"code": "BIOL548G", "description": "", "title": "Advanced Topics in Biology - ADV TOPICS BIOL", "university": "UBC", "_typeName": "Course", "id": "Q6aiJSymlKAD", "subject": "Biology"},
{"code": "BIOL548I", "description": "", "title": "Advanced Topics in Biology - ADV TOPICS BIOL", "university": "UBC", "_typeName": "Course", "id": "kr2lhQtWNFVc", "subject": "Biology"},
{"code": "BIOL548J", "description": "", "title": "Advanced Topics in Biology - ADV TOPICS BIOL", "university": "UBC", "_typeName": "Course", "id": "rYL5h5WYbVGe", "subject": "Biology"},
{"code": "BIOL548L", "description": "", "title": "Advanced Topics in Biology - ADV TOPICS BIOL", "university": "UBC", "_typeName": "Course", "id": "TB5U3U7R2cYi", "subject": "Biology"},
{"code": "BIOL548M", "description": "", "title": "Advanced Topics in Biology - ADV TOPICS BIOL", "university": "UBC", "_typeName": "Course", "id": "9gsIEC2dVNF4", "subject": "Biology"},
{"code": "BIOL548O", "description": "", "title": "Advanced Topics in Biology - ADV TOPICS BIOL", "university": "UBC", "_typeName": "Course", "id": "TR8laoQNAxUL", "subject": "Biology"},
{"code": "BIOL548P", "description": "", "title": "Advanced Topics in Biology - ADV TOPICS BIOL", "university": "UBC", "_typeName": "Course", "id": "x1lpxrbg3XgP", "subject": "Biology"},
{"code": "BIOL548Q", "description": "", "title": "Advanced Topics in Biology - ADV TOPICS BIOL", "university": "UBC", "_typeName": "Course", "id": "WSD2CHb9gvCI", "subject": "Biology"},
{"code": "BIOL548S", "description": "", "title": "Advanced Topics in Biology - ADV TOPICS BIOL", "university": "UBC", "_typeName": "Course", "id": "BT4g6hT0D2kj", "subject": "Biology"},
{"code": "CHEM111", "description": "", "title": "Structure, Bonding, and Equilibrium in Chemistry", "university": "UBC", "_typeName": "Course", "id": "Jjr51deStWeR", "subject": "Chemistry"},
{"code": "CHEM121", "description": "", "title": "Structure and Bonding in Chemistry", "university": "UBC", "_typeName": "Course", "id": "bfJEQrJlW36X", "subject": "Chemistry"},
{"code": "CHEM123", "description": "", "title": "Thermodynamics, Kinetics and Organic Chemistry", "university": "UBC", "_typeName": "Course", "id": "5nuDNpfpkVgn", "subject": "Chemistry"},
{"code": "CHEM154", "description": "", "title": "Chemistry for Engineering", "university": "UBC", "_typeName": "Course", "id": "a5PQA5A6Xm8X", "subject": "Chemistry"},
{"code": "CHEM203", "description": "", "title": "Introduction to Organic Chemistry", "university": "UBC", "_typeName": "Course", "id": "FLz7rAnlAwI5", "subject": "Chemistry"},
{"code": "CHEM205", "description": "", "title": "Physical Chemistry", "university": "UBC", "_typeName": "Course", "id": "WIv35nvIWur5", "subject": "Chemistry"},
{"code": "CHEM208", "description": "", "title": "Coordination Chemistry", "university": "UBC", "_typeName": "Course", "id": "dzmKn8WIG9m5", "subject": "Chemistry"},
{"code": "CHEM211", "description": "", "title": "Introduction to Chemical Analysis", "university": "UBC", "_typeName": "Course", "id": "DNaT8yYtbC5l", "subject": "Chemistry"},
{"code": "CHEM213", "description": "", "title": "Organic Chemistry", "university": "UBC", "_typeName": "Course", "id": "ELtNWtq44wqs", "subject": "Chemistry"},
{"code": "CHEM218", "description": "", "title": "Fundamentals of Reactivity in Inorganic Chemistry", "university": "UBC", "_typeName": "Course", "id": "83hHxBZiJBCj", "subject": "Chemistry"},
{"code": "CHEM233", "description": "", "title": "Organic Chemistry for the Biological Sciences", "university": "UBC", "_typeName": "Course", "id": "ZiE5OtX3fn2a", "subject": "Chemistry"},
{"code": "CHEM235", "description": "", "title": "Organic Chemistry Laboratory", "university": "UBC", "_typeName": "Course", "id": "p3MgVDaE1SOg", "subject": "Chemistry"},
{"code": "CHEM245", "description": "", "title": "Intermediate Synthetic Chemistry Laboratory", "university": "UBC", "_typeName": "Course", "id": "wcZOdppRtwBY", "subject": "Chemistry"},
{"code": "CHEM250", "description": "", "title": "Inorganic Chemistry", "university": "UBC", "_typeName": "Course", "id": "5eiki3UqRMY4", "subject": "Chemistry"},
{"code": "CHEM251", "description": "", "title": "Physical Chemistry for Engineers", "university": "UBC", "_typeName": "Course", "id": "ftEjIMoJfyeg", "subject": "Chemistry"},
{"code": "CHEM260", "description": "", "title": "Organic Chemistry for Engineers", "university": "UBC", "_typeName": "Course", "id": "l45G1JFx9tEP", "subject": "Chemistry"},
{"code": "CHEM300", "description": "", "title": "Communicating Chemistry", "university": "UBC", "_typeName": "Course", "id": "tEDiv4MHBFsu", "subject": "Chemistry"},
{"code": "CHEM301", "description": "", "title": "Aqueous Environmental Chemistry", "university": "UBC", "_typeName": "Course", "id": "hF94wafrwo5l", "subject": "Chemistry"},
{"code": "CHEM302", "description": "", "title": "Atmospheric Environmental Chemistry", "university": "UBC", "_typeName": "Course", "id": "MQuNsTWi7y8F", "subject": "Chemistry"},
{"code": "CHEM304", "description": "", "title": "Fundamentals of Thermodynamics and Statistical Mechanics", "university": "UBC", "_typeName": "Course", "id": "1t77gNJQzQDx", "subject": "Chemistry"},
{"code": "CHEM305", "description": "", "title": "Biophysical Chemistry", "university": "UBC", "_typeName": "Course", "id": "EYTLZYS4fl7i", "subject": "Chemistry"},
{"code": "CHEM311", "description": "", "title": "Instrumental Analytical Chemistry", "university": "UBC", "_typeName": "Course", "id": "ANsPquqtjiKv", "subject": "Chemistry"},
{"code": "CHEM312", "description": "", "title": "Introduction to Quantum Mechanics and Spectroscopy", "university": "UBC", "_typeName": "Course", "id": "y4oZYPPIPhDg", "subject": "Chemistry"},
{"code": "CHEM313", "description": "", "title": "Advanced Organic Chemistry for the Life Sciences", "university": "UBC", "_typeName": "Course", "id": "fwE7diY6U04B", "subject": "Chemistry"},
{"code": "CHEM315", "description": "", "title": "Chemistry Integrated Laboratory I", "university": "UBC", "_typeName": "Course", "id": "K8H9pURs8lx1", "subject": "Chemistry"},
{"code": "CHEM318", "description": "", "title": "Principles of Catalysis", "university": "UBC", "_typeName": "Course", "id": "daTlxwteQBLm", "subject": "Chemistry"},
{"code": "CHEM319", "description": "", "title": "Practical Skills for Chemical Research", "university": "UBC", "_typeName": "Course", "id": "GGS45clmzGjA", "subject": "Chemistry"},
{"code": "CHEM325", "description": "", "title": "Integrated Chemistry Laboratory I", "university": "UBC", "_typeName": "Course", "id": "44L9aN2dd92s", "subject": "Chemistry"},
{"code": "CHEM327", "description": "", "title": "Introduction to Materials Chemistry", "university": "UBC", "_typeName": "Course", "id": "f48MDmv5wh99", "subject": "Chemistry"},
{"code": "CHEM329", "description": "", "title": "Research Ethics and Data Analysis Skills", "university": "UBC", "_typeName": "Course", "id": "xZWZzMBJeeSE", "subject": "Chemistry"},
{"code": "CHEM330", "description": "", "title": "Advanced Organic Chemistry", "university": "UBC", "_typeName": "Course", "id": "KflzJxsSw2CK", "subject": "Chemistry"},
{"code": "CHEM335", "description": "", "title": "Chemistry Integrated Laboratory II", "university": "UBC", "_typeName": "Course", "id": "o3yb6NAxulgL", "subject": "Chemistry"},
{"code": "CHEM341", "description": "", "title": "Global Challenges: A Chemical Perspective", "university": "UBC", "_typeName": "Course", "id": "6bu4jRAGtTLk", "subject": "Chemistry"},
{"code": "CHEM345", "description": "", "title": "Integrated Chemistry Laboratory II", "university": "UBC", "_typeName": "Course", "id": "LQnCax0uhbsa", "subject": "Chemistry"},
{"code": "CHEM398", "description": "", "title": "Co-operative Work Placement I", "university": "UBC", "_typeName": "Course", "id": "Q6FnXZxkEcgH", "subject": "Chemistry"},
{"code": "CHEM399", "description": "", "title": "Co-operative Work Placement II", "university": "UBC", "_typeName": "Course", "id": "Yq8cUbhnWPl5", "subject": "Chemistry"},
{"code": "CHEM401", "description": "", "title": "Principles of Spectroscopy", "university": "UBC", "_typeName": "Course", "id": "k4J0S0vTPWEc", "subject": "Chemistry"},
{"code": "CHEM402", "description": "", "title": "Diffraction Methods", "university": "UBC", "_typeName": "Course", "id": "lNFlnu4hNWxy", "subject": "Chemistry"},
{"code": "CHEM403", "description": "", "title": "Surface Chemistry and Surface Analysis", "university": "UBC", "_typeName": "Course", "id": "gsHayTgBCcT0", "subject": "Chemistry"},
{"code": "CHEM405", "description": "", "title": "Biophysical Chemistry", "university": "UBC", "_typeName": "Course", "id": "pGSZwB0RLL7k", "subject": "Chemistry"},
{"code": "CHEM406", "description": "", "title": "Polymer Chemistry", "university": "UBC", "_typeName": "Course", "id": "93OLr16aQyfG", "subject": "Chemistry"},
{"code": "CHEM407", "description": "", "title": "Statistical Mechanics in Chemistry", "university": "UBC", "_typeName": "Course", "id": "m0FRccc2siuQ", "subject": "Chemistry"},
{"code": "CHEM410", "description": "", "title": "Properties of Materials", "university": "UBC", "_typeName": "Course", "id": "RMb1KoEnY5pH", "subject": "Chemistry"},
{"code": "CHEM411", "description": "", "title": "Synthesis and Chemistry of Natural Products", "university": "UBC", "_typeName": "Course", "id": "W5t3TdDhFQAr", "subject": "Chemistry"},
{"code": "CHEM412", "description": "", "title": "Electronic Structure of Atoms and Molecules", "university": "UBC", "_typeName": "Course", "id": "3zIStrKjtIZB", "subject": "Chemistry"},
{"code": "CHEM413", "description": "", "title": "Bioorganic Chemistry", "university": "UBC", "_typeName": "Course", "id": "NRYjKwz4lo4f", "subject": "Chemistry"},
{"code": "CHEM417", "description": "", "title": "Nuclear Chemistry and Radiochemistry", "university": "UBC", "_typeName": "Course", "id": "AtjkZFAiJLUW", "subject": "Chemistry"},
{"code": "CHEM418", "description": "", "title": "Organometallic Chemistry", "university": "UBC", "_typeName": "Course", "id": "EMRWOC60J1Sv", "subject": "Chemistry"},
{"code": "CHEM427", "description": "", "title": "Applications of Materials Chemistry", "university": "UBC", "_typeName": "Course", "id": "UsU8AXDfwpvI", "subject": "Chemistry"},
{"code": "CHEM434", "description": "", "title": "Principles of Chemical Separation", "university": "UBC", "_typeName": "Course", "id": "iqoC7sligEaC", "subject": "Chemistry"},
{"code": "CHEM445A", "description": "", "title": "Projects in Experimental Chemistry - PROJCTS EXP CHEM", "university": "UBC", "_typeName": "Course", "id": "t28stq6opShh", "subject": "Chemistry"},
{"code": "CHEM445B", "description": "", "title": "Projects in Experimental Chemistry - PROJCTS EXP CHEM", "university": "UBC", "_typeName": "Course", "id": "RTX1sNUBrW0z", "subject": "Chemistry"},
{"code": "CHEM445C", "description": "", "title": "Projects in Experimental Chemistry - PROJCTS EXP CHEM", "university": "UBC", "_typeName": "Course", "id": "tCtFHi91iDFH", "subject": "Chemistry"},
{"code": "CHEM448A", "description": "", "title": "Directed Studies in Chemistry - T1 DST CHEMISTRY", "university": "UBC", "_typeName": "Course", "id": "jXJVYTkrXHZK", "subject": "Chemistry"},
{"code": "CHEM448B", "description": "", "title": "Directed Studies in Chemistry - T2 DST CHEMISTRY", "university": "UBC", "_typeName": "Course", "id": "OBllUeuGtdgc", "subject": "Chemistry"},
{"code": "CHEM448C", "description": "", "title": "Directed Studies in Chemistry - DST CHEMISTRY", "university": "UBC", "_typeName": "Course", "id": "SKk6zAeLF7EQ", "subject": "Chemistry"},
{"code": "CHEM449", "description": "", "title": "Seminar and Thesis", "university": "UBC", "_typeName": "Course", "id": "dBAlshyzwAfj", "subject": "Chemistry"},
{"code": "CHEM460", "description": "", "title": "Organic Synthesis: A Mechanistic Approach", "university": "UBC", "_typeName": "Course", "id": "9Bj7C3vlDpf9", "subject": "Chemistry"},
{"code": "CHEM461", "description": "", "title": "Synthetic Chemical Biology", "university": "UBC", "_typeName": "Course", "id": "kk8imjyo8Ym8", "subject": "Chemistry"},
{"code": "CHEM473", "description": "", "title": "Structure Determination and Reaction Analysis", "university": "UBC", "_typeName": "Course", "id": "WHleWur7wHO2", "subject": "Chemistry"},
{"code": "CHEM498", "description": "", "title": "Co-operative Work Placement III", "university": "UBC", "_typeName": "Course", "id": "Kyqmhhhp9P1i", "subject": "Chemistry"},
{"code": "CHEM499", "description": "", "title": "Co-operative Work Placement IV", "university": "UBC", "_typeName": "Course", "id": "gSkZMUTDhy9E", "subject": "Chemistry"},
{"code": "CHEM501", "description": "", "title": "Applications of Quantum Mechanics in Chemistry", "university": "UBC", "_typeName": "Course", "id": "88jxyKZG0VUq", "subject": "Chemistry"},
{"code": "CHEM502", "description": "", "title": "Advanced Physical Chemistry of the Solid State", "university": "UBC", "_typeName": "Course", "id": "U3EDjeyKAQz6", "subject": "Chemistry"},
{"code": "CHEM503", "description": "", "title": "Equilibrium Statistical Mechanics in Chemistry", "university": "UBC", "_typeName": "Course", "id": "kqchMQhqptdY", "subject": "Chemistry"},
{"code": "CHEM514", "description": "", "title": "Crystal Structures", "university": "UBC", "_typeName": "Course", "id": "Hlj2h6k8SV2D", "subject": "Chemistry"},
{"code": "CHEM516A", "description": "", "title": "Topics in Biophysical Chemistry - BIOPHYSICAL CHEM", "university": "UBC", "_typeName": "Course", "id": "qdq6H4ZX1va4", "subject": "Chemistry"},
{"code": "CHEM516B", "description": "", "title": "Topics in Biophysical Chemistry - BIOPHYSICAL CHEM", "university": "UBC", "_typeName": "Course", "id": "UuExtbwTRPeN", "subject": "Chemistry"},
{"code": "CHEM519A", "description": "", "title": "Topics in Molecular Spectroscopy - TOP MOL SPECTROS", "university": "UBC", "_typeName": "Course", "id": "pJgHTL2oF0Ev", "subject": "Chemistry"},
{"code": "CHEM521B", "description": "", "title": "Topics in Inorganic Chemistry - TOP INORGAN CHEM", "university": "UBC", "_typeName": "Course", "id": "KoGnDEuBp8po", "subject": "Chemistry"},
{"code": "CHEM524", "description": "", "title": "Advanced Applications in Organometallic Chemistry", "university": "UBC", "_typeName": "Course", "id": "n7ENjhYpAkXC", "subject": "Chemistry"},
{"code": "CHEM527", "description": "", "title": "Nanomaterials", "university": "UBC", "_typeName": "Course", "id": "SuSVBGbPh3kE", "subject": "Chemistry"},
{"code": "CHEM529", "description": "", "title": "Structural Methods in Inorganic Chemistry", "university": "UBC", "_typeName": "Course", "id": "ij2303x7S5zG", "subject": "Chemistry"},
{"code": "CHEM533", "description": "", "title": "Bioanalytical Chemistry", "university": "UBC", "_typeName": "Course", "id": "XQcKtZTSWn0G", "subject": "Chemistry"},
{"code": "CHEM534", "description": "", "title": "Principles of Chemical Separation", "university": "UBC", "_typeName": "Course", "id": "eREvqKwAO8Kq", "subject": "Chemistry"},
{"code": "CHEM535A", "description": "", "title": "Topics in Analytical Chemistry - TPCS ANALYT CHEM", "university": "UBC", "_typeName": "Course", "id": "VDlkugfojBTy", "subject": "Chemistry"},
{"code": "CHEM540A", "description": "", "title": "Seminar in Chemistry - PHYSICAL SEMINAR", "university": "UBC", "_typeName": "Course", "id": "siblTHaDrFom", "subject": "Chemistry"},
{"code": "CHEM540B", "description": "", "title": "Seminar in Chemistry - ORGANIC SEMINAR", "university": "UBC", "_typeName": "Course", "id": "KD2J1jf2jmlt", "subject": "Chemistry"},
{"code": "CHEM540C", "description": "", "title": "Seminar in Chemistry - INORGANIC SEMINR", "university": "UBC", "_typeName": "Course", "id": "12ZfxIdSM0Eo", "subject": "Chemistry"},
{"code": "CHEM549", "description": "", "title": "M.Sc. Thesis", "university": "UBC", "_typeName": "Course", "id": "1IJQDMAUbFuU", "subject": "Chemistry"},
{"code": "CHEM560", "description": "", "title": "Organic Chemistry: Building Molecules and Understanding Reactivity", "university": "UBC", "_typeName": "Course", "id": "Hy3CyqlSDktW", "subject": "Chemistry"},
{"code": "CHEM561", "description": "", "title": "Advanced Chemical Biology", "university": "UBC", "_typeName": "Course", "id": "v7BcKGky8Aot", "subject": "Chemistry"},
{"code": "CHEM566", "description": "", "title": "Advanced Organic Synthesis", "university": "UBC", "_typeName": "Course", "id": "n7BQ36uP4xni", "subject": "Chemistry"},
{"code": "CHEM569", "description": "", "title": "Advanced Bioorganic Chemistry", "university": "UBC", "_typeName": "Course", "id": "VO1Tn0c9TA2n", "subject": "Chemistry"},
{"code": "CHEM573", "description": "", "title": "Application of Spectroscopy to Organic Structural Determinations", "university": "UBC", "_typeName": "Course", "id": "nH9lkPsqlOhj", "subject": "Chemistry"},
{"code": "CHEM649", "description": "", "title": "Doctoral Dissertation", "university": "UBC", "_typeName": "Course", "id": "UVgg3Zrj1NFp", "subject": "Chemistry"},
{"code": "PHYS100", "description": "", "title": "Introductory Physics", "university": "UBC", "_typeName": "Course", "id": "cb4eQOjVf8Be", "subject": "Physics"},
{"code": "PHYS101", "description": "", "title": "Energy and Waves", "university": "UBC", "_typeName": "Course", "id": "qWxMqdFXiDJx", "subject": "Physics"},
{"code": "PHYS107", "description": "", "title": "Enriched Physics 1", "university": "UBC", "_typeName": "Course", "id": "UBtleYB1PUUg", "subject": "Physics"},
{"code": "PHYS108", "description": "", "title": "Enriched Physics II", "university": "UBC", "_typeName": "Course", "id": "MTTVrHrzr2Al", "subject": "Physics"},
{"code": "PHYS109", "description": "", "title": "Enriched Experimental Physics", "university": "UBC", "_typeName": "Course", "id": "KjWBNAlFEA3X", "subject": "Physics"},
{"code": "PHYS117", "description": "", "title": "Dynamics and Waves", "university": "UBC", "_typeName": "Course", "id": "pB0z5V5MdpiO", "subject": "Physics"},
{"code": "PHYS118", "description": "", "title": "Electricity, Light and Radiation", "university": "UBC", "_typeName": "Course", "id": "qRTdjli8AXyB", "subject": "Physics"},
{"code": "PHYS119", "description": "", "title": "Experimental Physics Lab", "university": "UBC", "_typeName": "Course", "id": "t75tp9jKqeJv", "subject": "Physics"},
{"code": "PHYS157", "description": "", "title": "Introductory Physics for Engineers I", "university": "UBC", "_typeName": "Course", "id": "Iey98TbfAIjn", "subject": "Physics"},
{"code": "PHYS158", "description": "", "title": "Introductory Physics for Engineers II", "university": "UBC", "_typeName": "Course", "id": "hPEBQBFjimmg", "subject": "Physics"},
{"code": "PHYS159", "description": "", "title": "Introductory Physics Laboratory for Engineers", "university": "UBC", "_typeName": "Course", "id": "mn5QimgLcm5S", "subject": "Physics"},
{"code": "PHYS170", "description": "", "title": "Mechanics I", "university": "UBC", "_typeName": "Course", "id": "TD1pDXCedyxr", "subject": "Physics"},
{"code": "PHYS200", "description": "", "title": "Relativity and Quanta", "university": "UBC", "_typeName": "Course", "id": "QfCVpcciHISB", "subject": "Physics"},
{"code": "PHYS203", "description": "", "title": "Thermal Physics I", "university": "UBC", "_typeName": "Course", "id": "ZRvbec0oaKTy", "subject": "Physics"},
{"code": "PHYS210", "description": "", "title": "Introduction to Computational Physics", "university": "UBC", "_typeName": "Course", "id": "4JfffogHwuvY", "subject": "Physics"},
{"code": "PHYS216", "description": "", "title": "Intermediate Mechanics", "university": "UBC", "_typeName": "Course", "id": "Brj1Gq2DXuRe", "subject": "Physics"},
{"code": "PHYS219", "description": "", "title": "Intermediate Experimental Physics I", "university": "UBC", "_typeName": "Course", "id": "noZvI8QnlsvB", "subject": "Physics"},
{"code": "PHYS229", "description": "", "title": "Intermediate Experimental Physics II", "university": "UBC", "_typeName": "Course", "id": "wbzmB2J7bh0o", "subject": "Physics"},
{"code": "PHYS298", "description": "", "title": "Co-operative Work Placement I", "university": "UBC", "_typeName": "Course", "id": "zCh8ZOWkdE1h", "subject": "Physics"},
{"code": "PHYS299", "description": "", "title": "Co-operative Work Placement II", "university": "UBC", "_typeName": "Course", "id": "08fw9dBBzi6G", "subject": "Physics"},
{"code": "PHYS301", "description": "", "title": "Electricity and Magnetism", "university": "UBC", "_typeName": "Course", "id": "55athwFkjF8E", "subject": "Physics"},
{"code": "PHYS304", "description": "", "title": "Introduction to Quantum Mechanics", "university": "UBC", "_typeName": "Course", "id": "gYxwjTRBuOHM", "subject": "Physics"},
{"code": "PHYS305", "description": "", "title": "Introduction to Biophysics", "university": "UBC", "_typeName": "Course", "id": "E8TQ9IPMYES0", "subject": "Physics"},
{"code": "PHYS306", "description": "", "title": "Advanced Mechanics", "university": "UBC", "_typeName": "Course", "id": "Htc1jjuamM8Q", "subject": "Physics"},
{"code": "PHYS309", "description": "", "title": "Electrical Laboratory", "university": "UBC", "_typeName": "Course", "id": "CWDcWs28BNuC", "subject": "Physics"},
{"code": "PHYS312", "description": "", "title": "Introduction to Mathematical Physics", "university": "UBC", "_typeName": "Course", "id": "okhbtgt5ubip", "subject": "Physics"},
{"code": "PHYS315", "description": "", "title": "Physics of Materials", "university": "UBC", "_typeName": "Course", "id": "YOvQHWTIA5wC", "subject": "Physics"},
{"code": "PHYS319", "description": "", "title": "Electronics Laboratory", "university": "UBC", "_typeName": "Course", "id": "9Lk9FQjCelRi", "subject": "Physics"},
{"code": "PHYS333", "description": "", "title": "Energy and Climate", "university": "UBC", "_typeName": "Course", "id": "Noj3uaLtj3tW", "subject": "Physics"},
{"code": "PHYS340", "description": "", "title": "From Atoms to the Universe", "university": "UBC", "_typeName": "Course", "id": "zpKsZ5GENDAu", "subject": "Physics"},
{"code": "PHYS341", "description": "", "title": "Physics of Music", "university": "UBC", "_typeName": "Course", "id": "pvUn74xMd8EV", "subject": "Physics"},
{"code": "PHYS348", "description": "", "title": "Frontiers in Physics and Astronomy", "university": "UBC", "_typeName": "Course", "id": "aWPWfqH35EOR", "subject": "Physics"},
{"code": "PHYS349", "description": "", "title": "Directed Research Project in Physics", "university": "UBC", "_typeName": "Course", "id": "8jJcTHyUEqnb", "subject": "Physics"},
{"code": "PHYS350", "description": "", "title": "Applications of Classical Mechanics", "university": "UBC", "_typeName": "Course", "id": "ELceRbsY9sJJ", "subject": "Physics"},
{"code": "PHYS399", "description": "", "title": "Co-operative Work Placement III", "university": "UBC", "_typeName": "Course", "id": "cINn8YNZ2Y8w", "subject": "Physics"},
{"code": "PHYS400", "description": "", "title": "Introduction to Elementary Particles", "university": "UBC", "_typeName": "Course", "id": "ayB67PM09vpH", "subject": "Physics"},
{"code": "PHYS401", "description": "", "title": "Electromagnetic Theory", "university": "UBC", "_typeName": "Course", "id": "zzC8A6k07z9N", "subject": "Physics"},
{"code": "PHYS402", "description": "", "title": "Applications of Quantum Mechanics", "university": "UBC", "_typeName": "Course", "id": "COq4c7FWtgPp", "subject": "Physics"},
{"code": "PHYS403", "description": "", "title": "Statistical Mechanics", "university": "UBC", "_typeName": "Course", "id": "IL5Su16buJjK", "subject": "Physics"},
{"code": "PHYS404", "description": "", "title": "Introduction to Medical Physics", "university": "UBC", "_typeName": "Course", "id": "XjVXXLIlifMa", "subject": "Physics"},
{"code": "PHYS405", "description": "", "title": "Radiation Biophysics", "university": "UBC", "_typeName": "Course", "id": "nTIr3JAbFvYR", "subject": "Physics"},
{"code": "PHYS407", "description": "", "title": "Introduction to General Relativity", "university": "UBC", "_typeName": "Course", "id": "zM9RTFh7IxXO", "subject": "Physics"},
{"code": "PHYS408", "description": "", "title": "Optics", "university": "UBC", "_typeName": "Course", "id": "fkxpPaQC9wxR", "subject": "Physics"},
{"code": "PHYS409A", "description": "", "title": "Experimental Physics - EXPTL PHYSICS", "university": "UBC", "_typeName": "Course", "id": "KX4QU0iDjSFw", "subject": "Physics"},
{"code": "PHYS409B", "description": "", "title": "Experimental Physics - EXPTL PHYSICS", "university": "UBC", "_typeName": "Course", "id": "4DrausjtESJb", "subject": "Physics"},
{"code": "PHYS410", "description": "", "title": "Computational Physics", "university": "UBC", "_typeName": "Course", "id": "A9ATwIRZGuNh", "subject": "Physics"},
{"code": "PHYS420C", "description": "", "title": "Physics Demonstrations - PHYS DEMONSTRATS", "university": "UBC", "_typeName": "Course", "id": "7D7gRSbWTPCw", "subject": "Physics"},
{"code": "PHYS438", "description": "", "title": "Zoological Physics", "university": "UBC", "_typeName": "Course", "id": "a0OKqeT7vf5b", "subject": "Physics"},
{"code": "PHYS447A", "description": "", "title": "Advanced Topics in Physics - ADV TPCS PHYS", "university": "UBC", "_typeName": "Course", "id": "7xQJmWeqVl2r", "subject": "Physics"},
{"code": "PHYS447B", "description": "", "title": "Advanced Topics in Physics - ADV TPCS PHYS", "university": "UBC", "_typeName": "Course", "id": "xngLMFby1n0i", "subject": "Physics"},
{"code": "PHYS447C", "description": "", "title": "Advanced Topics in Physics - ADV TPCS PHYS", "university": "UBC", "_typeName": "Course", "id": "IhqGU52W14PP", "subject": "Physics"},
{"code": "PHYS449", "description": "", "title": "Honours Thesis", "university": "UBC", "_typeName": "Course", "id": "KqYXQjZWPEN3", "subject": "Physics"},
{"code": "PHYS473", "description": "", "title": "Applied Nuclear Physics", "university": "UBC", "_typeName": "Course", "id": "GiRbpI5MXKWJ", "subject": "Physics"},
{"code": "PHYS474", "description": "", "title": "Applied Solid State Physics", "university": "UBC", "_typeName": "Course", "id": "ZThMntxldmDx", "subject": "Physics"},
{"code": "PHYS490", "description": "", "title": "Student Directed Seminar", "university": "UBC", "_typeName": "Course", "id": "aHqN0BFvjlUH", "subject": "Physics"},
{"code": "PHYS498", "description": "", "title": "Co-operative Work Placement IV", "university": "UBC", "_typeName": "Course", "id": "p33eZL0vMtd1", "subject": "Physics"},
{"code": "PHYS499", "description": "", "title": "Co-operative Work Placement V", "university": "UBC", "_typeName": "Course", "id": "dqedpMuR25WC", "subject": "Physics"},
{"code": "PHYS500", "description": "", "title": "Quantum Mechanics I", "university": "UBC", "_typeName": "Course", "id": "ynqn02MAFbh3", "subject": "Physics"},
{"code": "PHYS501", "description": "", "title": "Quantum Mechanics II", "university": "UBC", "_typeName": "Course", "id": "PzBVOMC4PZgp", "subject": "Physics"},
{"code": "PHYS502", "description": "", "title": "Condensed Matter Physics I", "university": "UBC", "_typeName": "Course", "id": "oez2b9hPd443", "subject": "Physics"},
{"code": "PHYS503", "description": "", "title": "Condensed Matter Physics II", "university": "UBC", "_typeName": "Course", "id": "3J8aCuKKU7Uy", "subject": "Physics"},
{"code": "PHYS504", "description": "", "title": "Special Relativity and Classical Electromagnetism", "university": "UBC", "_typeName": "Course", "id": "DPhS1Fe4L0qN", "subject": "Physics"},
{"code": "PHYS506", "description": "", "title": "Elementary Particle Physics", "university": "UBC", "_typeName": "Course", "id": "ch7nyO845IVO", "subject": "Physics"},
{"code": "PHYS508", "description": "", "title": "Quantum Field Theory II", "university": "UBC", "_typeName": "Course", "id": "5JXOVfsyzQ2B", "subject": "Physics"},
{"code": "PHYS509C", "description": "", "title": "Theory of Measurements - MEASUREMNT THEOR", "university": "UBC", "_typeName": "Course", "id": "aR8mzZTPYBrk", "subject": "Physics"},
{"code": "PHYS513C", "description": "", "title": "Topics in Advanced Spectroscopy - ADV SPECTROSCOPY", "university": "UBC", "_typeName": "Course", "id": "GllR4X9h5OCr", "subject": "Physics"},
{"code": "PHYS516", "description": "", "title": "Statistical Mechanics", "university": "UBC", "_typeName": "Course", "id": "KFNdiXqraHwD", "subject": "Physics"},
{"code": "PHYS526", "description": "", "title": "Quantum Field Theory I", "university": "UBC", "_typeName": "Course", "id": "RsYPBAMWv2bi", "subject": "Physics"},
{"code": "PHYS527B", "description": "", "title": "Topics in Nuclear Physics - TPS NUCLEAR PHYS", "university": "UBC", "_typeName": "Course", "id": "LB4HNeAYnIaF", "subject": "Physics"},
{"code": "PHYS529B", "description": "", "title": "Topics in Quantum Theory - TPS QUANTUM THRY", "university": "UBC", "_typeName": "Course", "id": "M5p7LQbBda9R", "subject": "Physics"},
{"code": "PHYS531", "description": "", "title": "Particle Detection Techniques", "university": "UBC", "_typeName": "Course", "id": "OWiYtDV82hKw", "subject": "Physics"},
{"code": "PHYS534", "description": "", "title": "Radiotherapy Physics I", "university": "UBC", "_typeName": "Course", "id": "ssb0ZaNp1djV", "subject": "Physics"},
{"code": "PHYS535", "description": "", "title": "Radiotherapy Physics II", "university": "UBC", "_typeName": "Course", "id": "vAXznMjn6zg1", "subject": "Physics"},
{"code": "PHYS536", "description": "", "title": "Advanced Radiation Biophysics", "university": "UBC", "_typeName": "Course", "id": "ksElzcMc7yyQ", "subject": "Physics"},
{"code": "PHYS539", "description": "", "title": "Radiation Dosimetry", "university": "UBC", "_typeName": "Course", "id": "CcxLQwviMJH4", "subject": "Physics"},
{"code": "PHYS540", "description": "", "title": "Radiological Imaging", "university": "UBC", "_typeName": "Course", "id": "GuOIHnNE5zE9", "subject": "Physics"},
{"code": "PHYS541", "description": "", "title": "Nuclear Medicine", "university": "UBC", "_typeName": "Course", "id": "47Z5HwE9dme6", "subject": "Physics"},
{"code": "PHYS543", "description": "", "title": "Biomedical Optics", "university": "UBC", "_typeName": "Course", "id": "hC5AuuYooJeO", "subject": "Physics"},
{"code": "PHYS545", "description": "", "title": "Anatomy, Physiology and Statistics for Medical Physicists", "university": "UBC", "_typeName": "Course", "id": "dbv3IOPEhUJj", "subject": "Physics"},
{"code": "PHYS549", "description": "", "title": "Master's Thesis", "university": "UBC", "_typeName": "Course", "id": "iKssn3sWodxi", "subject": "Physics"},
{"code": "PHYS555A", "description": "", "title": "Directed Studies in Physics - DIRECTED STUDIES", "university": "UBC", "_typeName": "Course", "id": "RtDMjtS69Rz3", "subject": "Physics"},
{"code": "PHYS555B", "description": "", "title": "Directed Studies in Physics - DIRECTED STUDIES", "university": "UBC", "_typeName": "Course", "id": "AaeURQcaG4OW", "subject": "Physics"},
{"code": "PHYS555C", "description": "", "title": "Directed Studies in Physics - DIRECTED STUDIES", "university": "UBC", "_typeName": "Course", "id": "WxVFEtztlV5R", "subject": "Physics"},
{"code": "PHYS555F", "description": "", "title": "Directed Studies in Physics - DIRECTED STUDIES", "university": "UBC", "_typeName": "Course", "id": "u2WKbA7pvw4H", "subject": "Physics"},
{"code": "PHYS560", "description": "", "title": "Physics and Engineering of Particle Accelerators", "university": "UBC", "_typeName": "Course", "id": "GHfsi8nVjMkE", "subject": "Physics"},
{"code": "PHYS571", "description": "", "title": "Physical Cosmology", "university": "UBC", "_typeName": "Course", "id": "wQOJB3BqfwqO", "subject": "Physics"},
{"code": "PHYS599A", "description": "", "title": "M.A.Sc. Thesis - MASC THESIS", "university": "UBC", "_typeName": "Course", "id": "NIvnDheZBTOK", "subject": "Physics"},
{"code": "PHYS649", "description": "", "title": "Doctoral Dissertation", "university": "UBC", "_typeName": "Course", "id": "8R2FyOG5Voyf", "subject": "Physics"}]}
